strategy,concurrency,n,throughput_median,throughput_ci_low,throughput_ci_high,p99_median,p99_ci_low,p99_ci_high,two_state_bimodal
disabled,25,15,122076.37724276482,120018.30615220078,123146.46036762961,1123.0,1058.0,1168.0,False
disabled,50,15,119651.4196785856,118142.20314400083,120435.93762773737,1941.0,1859.0,2081.0,False
disabled,100,15,114753.64306669339,113806.47586616458,115158.19444311426,2837.0,2722.0,2894.0,False
disabled,150,15,112094.3036257218,111866.65741040511,112513.6197736736,3644.0,3585.0,3741.0,False
disabled,200,15,111838.67846228214,111559.70100138325,112707.79965198788,4576.0,4512.0,4647.0,False
disabled,300,15,110203.5925536074,109574.77006894168,110394.83295463362,6820.0,6599.0,6884.0,False
disabled,400,15,108980.22025894234,108664.8000323908,109100.69935787882,9376.0,9262.0,9501.0,False
disabled,500,15,107715.37131726102,107486.79002100219,108487.27516153257,12738.0,11786.0,13448.0,False
global_mutex,25,15,119979.98158003335,117046.65568651124,120913.50702700132,1126.0,1090.0,1179.0,False
global_mutex,50,15,118155.93682801764,116234.82844901668,119213.83119717293,1914.0,1835.0,1950.0,False
global_mutex,100,15,113824.99522327085,113766.1958599283,114172.36207989126,2896.0,2866.0,2985.0,False
global_mutex,150,15,111038.11766840602,110472.06350175776,111316.28828587785,3698.0,3684.0,3800.0,False
global_mutex,200,15,110380.59902024157,109799.57605066092,110733.02352370087,4483.0,4436.0,4585.0,False
global_mutex,300,15,108693.62418892646,108146.37170172631,109063.86156170524,6801.0,6655.0,7021.0,False
global_mutex,400,15,107719.41095948903,107166.76710112815,108487.15767600642,9299.0,9136.0,9595.0,False
global_mutex,500,15,106439.24980810637,106288.72778453425,106985.42856870001,12610.0,12006.0,13092.0,False
hdr_histogram,25,15,117696.69328838582,116372.89639245004,119177.57304777468,1121.0,982.0,1180.0,False
hdr_histogram,50,15,117137.74269332895,115750.19039813124,118874.05632127574,1896.0,1824.0,1993.0,False
hdr_histogram,100,15,113313.37430718928,112608.34950172357,113585.43491040164,2823.0,2697.0,2900.0,False
hdr_histogram,150,15,110056.33679530841,109357.25041960356,110586.64036203144,3689.0,3618.0,3748.0,False
hdr_histogram,200,15,110435.51936725924,109815.60784415962,110821.33063877259,4610.0,4395.0,4678.0,False
hdr_histogram,300,15,107988.02922459398,107352.48493659553,108522.44035442187,6751.0,6617.0,6865.0,False
hdr_histogram,400,15,106582.74388783047,106297.55418918212,106818.87587382781,9700.0,9171.0,10021.0,False
hdr_histogram,500,15,105741.88549512607,105174.0819914552,106553.65735416375,12477.0,11988.0,13448.0,False
sharded_2key,25,15,119655.8487196529,117969.3251127484,121556.43386291905,1119.0,1031.0,1208.0,False
sharded_2key,50,15,117747.95296557495,116456.10953491073,119275.26915160255,1945.0,1833.0,1988.0,False
sharded_2key,100,15,113455.64784187825,112934.98844812471,114308.7958080719,2888.0,2707.0,3103.0,False
sharded_2key,150,15,111460.10664900958,110935.165108804,112009.40636077472,3694.0,3674.0,3795.0,False
sharded_2key,200,15,110415.42827712728,110174.38077811376,111791.96843260132,4586.0,4480.0,4646.0,False
sharded_2key,300,15,108442.35850257313,108146.93586757888,109129.53600826893,6858.0,6733.0,6922.0,False
sharded_2key,400,15,107531.4326639247,107221.75502675536,108133.42750144882,9099.0,8916.0,9381.0,False
sharded_2key,500,15,106340.16592120918,105707.29055010575,107024.95083785694,12493.0,12056.0,13979.0,False
sharded_n,25,15,118316.54673943734,116026.72991832049,120591.03111441548,1130.0,1051.0,1205.0,False
sharded_n,50,15,117363.39196539765,116121.61126301595,118558.1798303276,1906.0,1858.0,1987.0,False
sharded_n,100,15,112717.64918585714,112298.16384304351,113090.32371483167,2919.0,2780.0,3031.0,False
sharded_n,150,15,109953.15426315392,109321.57354742354,110530.31614662924,3716.0,3601.0,3828.0,False
sharded_n,200,15,110139.98126495667,109862.76130624318,110525.62386028741,4610.0,4555.0,4648.0,False
sharded_n,300,15,107726.03244699321,107189.84908762586,108053.21387388346,6938.0,6675.0,7074.0,False
sharded_n,400,15,106781.22561528359,105931.27929652012,106986.75684163549,9607.0,9195.0,9815.0,False
sharded_n,500,15,105931.97855868204,105498.33678601608,106120.92023578538,12453.0,11995.0,13231.0,False
thread_local,25,15,120263.27201684575,118771.39699708957,121904.5383331286,1083.0,973.0,1133.0,False
thread_local,50,15,119630.04997221008,118641.46818553233,120135.1097108661,1863.0,1768.0,1961.0,False
thread_local,100,15,114021.19510350269,113542.88472555978,114133.94498035713,2807.0,2679.0,2919.0,False
thread_local,150,15,110937.918576214,110583.15599726957,111390.96096016633,3781.0,3705.0,3854.0,False
thread_local,200,15,110779.33057192793,109966.95839906954,111237.12650185809,4454.0,4352.0,4530.0,False
thread_local,300,15,109028.24947666533,108357.5505301819,109666.3960660529,6818.0,6654.0,7091.0,False
thread_local,400,15,107776.65205131238,107436.45093862138,108241.53598679557,9425.0,9332.0,9788.0,False
thread_local,500,15,106831.71650909698,106647.85609568896,107151.42892551201,12228.0,12219.0,12824.0,False
