strategy,concurrency,workload,n,throughput_median,throughput_ci_low,throughput_ci_high,p99_median,p99_ci_low,p99_ci_high,two_state_bimodal
disabled,100,mixed,15,291633.31907170796,289237.9904304904,295127.0965005039,752.0,707.0,776.0,False
disabled,100,read-heavy,15,299829.4490139489,292382.003467956,306923.854306111,708.0,696.0,745.0,False
disabled,100,write-heavy,15,292441.6847885197,287636.37883402396,294693.5215371898,702.0,674.0,756.0,False
disabled,250,mixed,15,311686.8764714426,307556.7354215626,316306.5667762469,1652.0,1600.0,1696.0,False
disabled,250,read-heavy,15,313878.1679770576,309223.1175285124,316647.5668138117,1686.0,1630.0,1739.0,False
disabled,250,write-heavy,15,312558.4184707389,304392.84081783425,316961.719123054,1646.0,1555.0,1749.0,False
disabled,500,mixed,15,304332.1190211267,299273.3415818653,309260.2095878845,4234.0,4182.0,4325.0,False
disabled,500,read-heavy,15,309591.6922035323,304180.8430007723,315070.5007108589,4047.0,3979.0,4267.0,False
disabled,500,write-heavy,15,296607.63774145447,291906.9523340668,301147.2574178636,4351.0,4303.0,4429.0,False
disabled,750,mixed,15,297664.24901147117,291991.43009738013,300620.3793208617,8656.0,8382.0,8707.0,False
disabled,750,read-heavy,15,302695.52829873655,295439.2931274829,305568.8299056464,8564.0,8379.0,8684.0,False
disabled,750,write-heavy,15,284549.820766431,282420.51689710096,292456.66130554327,8867.0,8640.0,9077.0,False
disabled,1000,mixed,15,287552.2351614959,281679.79583497863,291893.7573612281,14445.0,14270.0,14783.0,False
disabled,1000,read-heavy,15,292818.05279048014,291194.1634770919,299112.26461015944,14279.0,13963.0,14435.0,False
disabled,1000,write-heavy,15,285834.3371340337,282503.01643929846,286751.649313683,14650.0,14477.0,14816.0,False
disabled,1500,mixed,15,277001.5422834419,273563.3300130283,284968.21594654815,27865.0,27130.0,28695.0,False
disabled,1500,read-heavy,15,286323.1133657542,280397.5629016933,288415.9004045665,27200.0,26604.0,27655.0,False
disabled,1500,write-heavy,15,275018.6314580432,267796.8696987843,278210.07226601837,28401.0,27020.0,29066.0,False
disabled,2000,mixed,15,269485.1427465324,261923.58886146214,276490.7964090791,42105.0,40756.0,43232.0,False
disabled,2000,read-heavy,15,270967.38011536346,267441.63570184447,278165.7771403147,40775.0,39988.0,42066.0,False
disabled,2000,write-heavy,15,267529.4119624678,259706.5706264035,269245.5866956311,42917.0,40338.0,45309.0,False
disabled,3000,mixed,15,250128.07724819466,246587.15374270457,254785.54497982992,79940.0,77623.0,82258.0,False
disabled,3000,read-heavy,15,255872.12270962875,252158.41544817266,256760.75898617294,77336.0,71788.0,78248.0,False
disabled,3000,write-heavy,15,247947.170030924,245805.83712368392,250941.31218319258,79463.0,78232.0,80877.0,False
global_mutex,100,mixed,15,291428.3292932624,286556.67683202063,294496.7895399766,775.0,714.0,791.0,False
global_mutex,100,read-heavy,15,289780.79618606745,287340.3016080885,290207.54892584076,752.0,714.0,798.0,False
global_mutex,100,write-heavy,15,287305.8616831435,286477.74253196135,291599.4362566419,724.0,687.0,767.0,False
global_mutex,250,mixed,15,307116.7232841578,301630.8601476934,314338.7054847269,1656.0,1567.0,1755.0,False
global_mutex,250,read-heavy,15,309634.99512549886,306009.0049881916,313050.5811880042,1682.0,1648.0,1730.0,False
global_mutex,250,write-heavy,15,307536.14830118034,294281.4598913466,309968.01208640495,1707.0,1677.0,1754.0,False
global_mutex,500,mixed,15,301563.0372083734,293532.91625189077,305595.7775247392,4206.0,4116.0,4474.0,False
global_mutex,500,read-heavy,15,306200.0215264059,301984.4454858434,315893.8186219784,4033.0,3914.0,4183.0,False
global_mutex,500,write-heavy,15,294991.83821170795,290257.1400194232,296118.24495314603,4399.0,4306.0,4473.0,False
global_mutex,750,mixed,15,288549.5489101268,285720.7759599754,293602.7329822929,8846.0,8608.0,8897.0,False
global_mutex,750,read-heavy,15,294861.1240297293,291680.82521402236,298123.1462553704,8664.0,8439.0,8749.0,False
global_mutex,750,write-heavy,15,283000.604358901,281503.84081025363,288296.58648948674,8800.0,8747.0,9079.0,False
global_mutex,1000,mixed,15,287340.984968136,282022.1591334544,291902.8499248781,14380.0,14194.0,14719.0,False
global_mutex,1000,read-heavy,15,290653.08188954165,286516.70631209476,299036.44407215895,14299.0,13882.0,14508.0,False
global_mutex,1000,write-heavy,15,283409.8289316167,279965.0385134776,286805.3924889859,14734.0,14540.0,14921.0,False
global_mutex,1500,mixed,15,274877.2889141799,269208.33764161397,276472.74716700613,27614.0,27151.0,28941.0,False
global_mutex,1500,read-heavy,15,276601.1753405985,273174.7596940726,278557.65403692605,27447.0,27036.0,28428.0,False
global_mutex,1500,write-heavy,15,269678.6363203786,263450.3691198633,277772.85656866885,28474.0,27983.0,29083.0,False
global_mutex,2000,mixed,15,264396.1630108491,253859.34098621106,266356.84831222496,41257.0,39596.0,42586.0,False
global_mutex,2000,read-heavy,15,271336.80840373365,264592.0734033188,275852.3499579634,41187.0,39887.0,42973.0,False
global_mutex,2000,write-heavy,15,260427.9561733536,256779.75867885072,264365.1742313449,43669.0,42920.0,44213.0,False
global_mutex,3000,mixed,15,245806.3911586274,243119.07407482574,251648.5514781954,80115.0,76650.0,81174.0,False
global_mutex,3000,read-heavy,15,251792.523189184,246816.45895216466,253560.68994215337,77632.0,77189.0,81381.0,False
global_mutex,3000,write-heavy,15,241203.84157672117,240630.69038721998,250749.06449132037,81021.0,77975.0,83839.0,False
hdr_histogram,100,mixed,15,292440.772555216,287877.504206826,295386.89171174314,745.0,715.0,785.0,False
hdr_histogram,100,read-heavy,15,296033.9892279941,287493.46687068394,298080.4631645776,722.0,700.0,778.0,False
hdr_histogram,100,write-heavy,15,287520.97349694604,283977.05472970504,292765.0114739162,734.0,692.0,759.0,False
hdr_histogram,250,mixed,15,308185.883030341,301540.0070315109,314391.9294132941,1757.0,1681.0,1804.0,False
hdr_histogram,250,read-heavy,15,309363.61538028356,304994.6807301042,318142.6802050281,1670.0,1588.0,1767.0,False
hdr_histogram,250,write-heavy,15,307940.4902511693,302226.99142086104,308744.0082153241,1687.0,1659.0,1760.0,False
hdr_histogram,500,mixed,15,299612.6414022444,293535.473741128,306363.95526870847,4243.0,4165.0,4414.0,False
hdr_histogram,500,read-heavy,15,304019.64437119686,297547.4632488863,310243.9585028822,4134.0,4119.0,4339.0,False
hdr_histogram,500,write-heavy,15,295173.3482363777,291564.0566362014,303593.8814231559,4279.0,4219.0,4439.0,False
hdr_histogram,750,mixed,15,285145.9283840531,282051.42833231343,290393.4478874825,8899.0,8717.0,9002.0,False
hdr_histogram,750,read-heavy,15,298012.1802151989,296427.96203384915,301503.39051014744,8608.0,8356.0,8937.0,False
hdr_histogram,750,write-heavy,15,286800.4893045788,281981.9245024553,294437.01101738715,9022.0,8785.0,9138.0,False
hdr_histogram,1000,mixed,15,283533.99703758955,279809.17790071294,294823.6325965676,14774.0,14199.0,15068.0,False
hdr_histogram,1000,read-heavy,15,289417.09045022377,284022.09451802005,300853.7582824475,14480.0,14147.0,14605.0,False
hdr_histogram,1000,write-heavy,15,276513.3230603288,274127.8915589097,281730.6009746926,14956.0,14794.0,15017.0,False
hdr_histogram,1500,mixed,15,277700.7839212138,266994.2034472655,280709.09065877023,28070.0,26980.0,28724.0,False
hdr_histogram,1500,read-heavy,15,279428.8593751321,273085.7291930741,283928.8098194816,27509.0,27044.0,28264.0,False
hdr_histogram,1500,write-heavy,15,270600.7311878304,264808.61101126194,273976.5566203791,28156.0,27792.0,29540.0,False
hdr_histogram,2000,mixed,15,260364.7632599926,259247.81410305036,263845.44727345824,44396.0,41973.0,45445.0,False
hdr_histogram,2000,read-heavy,15,273211.02227448806,268241.33154416387,274989.75325542816,41376.0,39659.0,42634.0,False
hdr_histogram,2000,write-heavy,15,259201.22935203224,252210.78883896125,262832.56531387166,44943.0,44690.0,45247.0,False
hdr_histogram,3000,mixed,15,248147.93597791853,240527.6602378665,250785.47622683138,80219.0,78363.0,81523.0,False
hdr_histogram,3000,read-heavy,15,252104.47591336095,248493.18987133677,260308.10134169267,76757.0,71889.0,79809.0,False
hdr_histogram,3000,write-heavy,15,244118.6059617603,235392.7173689688,249567.7642303383,84079.0,80645.0,84587.0,False
sharded_2key,100,mixed,15,289942.4268410503,282608.41918741603,295927.6050861367,743.0,732.0,798.0,False
sharded_2key,100,read-heavy,15,297246.0765317888,293280.99497180816,303181.91440379544,730.0,688.0,764.0,False
sharded_2key,100,write-heavy,15,289794.9976340975,284794.7305430954,291866.6957499938,755.0,700.0,802.0,False
sharded_2key,250,mixed,15,311169.58665302536,308188.50868164154,314263.78673451574,1670.0,1586.0,1723.0,False
sharded_2key,250,read-heavy,15,311573.55852625694,308896.3453049718,315937.3824857742,1677.0,1627.0,1719.0,False
sharded_2key,250,write-heavy,15,305220.41261486005,302348.76778015005,309995.8355572779,1723.0,1630.0,1755.0,False
sharded_2key,500,mixed,15,296574.9480607964,295099.78678955155,300115.8555244032,4362.0,4176.0,4477.0,False
sharded_2key,500,read-heavy,15,307945.81837581185,306049.1373030129,314094.4204933024,3996.0,3839.0,4123.0,False
sharded_2key,500,write-heavy,15,290822.5977539316,288637.24157172453,297958.0132862855,4367.0,4171.0,4456.0,False
sharded_2key,750,mixed,15,295316.29226725263,291365.2236415191,302283.5278255183,8641.0,8457.0,8738.0,False
sharded_2key,750,read-heavy,15,293998.4992670206,290321.94018871774,298788.38269814145,8791.0,8674.0,8977.0,False
sharded_2key,750,write-heavy,15,290722.65603364044,284375.93145098205,296999.63510624826,8813.0,8709.0,9033.0,False
sharded_2key,1000,mixed,15,285420.3517717736,280182.03128957306,290780.1676063154,14924.0,14267.0,15073.0,False
sharded_2key,1000,read-heavy,15,293038.165704862,289947.8561512603,297160.7990364518,14192.0,14072.0,14513.0,False
sharded_2key,1000,write-heavy,15,282704.25658096094,278277.4688619424,286061.87586712005,14630.0,14384.0,14966.0,False
sharded_2key,1500,mixed,15,276526.86537317495,270178.1578548573,277553.22842108854,28075.0,27162.0,28463.0,False
sharded_2key,1500,read-heavy,15,281483.64655638783,278162.3385271978,284337.3508308231,27085.0,26093.0,27439.0,False
sharded_2key,1500,write-heavy,15,273941.77899421536,271666.7917692243,276777.3438578759,28410.0,27935.0,29175.0,False
sharded_2key,2000,mixed,15,267854.6220342468,261680.69162360317,269698.1662319538,42221.0,40548.0,43604.0,False
sharded_2key,2000,read-heavy,15,270693.12854173424,263780.66511432733,272900.95934373676,41063.0,39091.0,41652.0,False
sharded_2key,2000,write-heavy,15,261935.53785447386,258760.06459238884,265955.5449984469,42828.0,40771.0,44362.0,False
sharded_2key,3000,mixed,15,245452.0144203142,244059.98744067666,250589.79242796882,80401.0,77691.0,81416.0,False
sharded_2key,3000,read-heavy,15,252852.87381885858,249054.69344785556,257976.5488997988,77887.0,76121.0,78807.0,False
sharded_2key,3000,write-heavy,15,243721.69516936754,241038.6592150591,251774.56013568112,80819.0,79638.0,83889.0,False
sharded_n,100,mixed,15,287664.0608468556,279900.8621002533,292625.81864064245,748.0,704.0,763.0,False
sharded_n,100,read-heavy,15,291067.236735433,287949.3844875543,298495.591175344,735.0,711.0,756.0,False
sharded_n,100,write-heavy,15,283605.38973388256,278275.99917587015,293645.8464692268,742.0,693.0,796.0,False
sharded_n,250,mixed,15,310362.7665541137,305656.1852320062,314315.7593599552,1642.0,1600.0,1704.0,False
sharded_n,250,read-heavy,15,312601.04133992334,309339.60230797535,315163.4732134769,1654.0,1631.0,1674.0,False
sharded_n,250,write-heavy,15,302141.5182501984,296319.11798994656,305664.4600667784,1682.0,1615.0,1850.0,False
sharded_n,500,mixed,15,298028.4484313793,292371.7979780162,304550.21821537486,4234.0,4117.0,4390.0,False
sharded_n,500,read-heavy,15,297645.05396192713,292779.8317168541,300382.5273360666,4237.0,4039.0,4329.0,False
sharded_n,500,write-heavy,15,290488.0536978348,285404.3481895349,294732.6556743616,4379.0,4244.0,4512.0,False
sharded_n,750,mixed,15,296401.98109393247,289741.69602488354,301512.65562587447,8688.0,8371.0,8854.0,False
sharded_n,750,read-heavy,15,295314.0911892376,292933.6778034334,299044.0717330438,8479.0,8382.0,8634.0,False
sharded_n,750,write-heavy,15,290419.24253673217,283198.7191785373,293349.697686144,8817.0,8660.0,8908.0,False
sharded_n,1000,mixed,15,285594.7496238382,280195.3578073704,292974.8480158714,14238.0,13709.0,14467.0,False
sharded_n,1000,read-heavy,15,290442.0732923543,277790.80539490964,296610.4147816354,14247.0,13911.0,14744.0,False
sharded_n,1000,write-heavy,15,276848.07767144346,274574.80463121727,282774.8985454328,14833.0,14385.0,15181.0,False
sharded_n,1500,mixed,15,271610.9604591298,268156.47044225375,273522.8795574423,28086.0,27601.0,28747.0,False
sharded_n,1500,read-heavy,15,279582.3996736048,275629.4267464082,284457.49015285185,27384.0,26784.0,28165.0,False
sharded_n,1500,write-heavy,15,269506.6661072427,265040.2265451715,270321.96627509483,28374.0,27787.0,29007.0,False
sharded_n,2000,mixed,15,265035.2156185538,260896.40234472402,271075.5763010805,43788.0,40873.0,44242.0,False
sharded_n,2000,read-heavy,15,266142.37942717137,264987.50772483856,272386.2167484335,40599.0,39710.0,41181.0,False
sharded_n,2000,write-heavy,15,255177.19787867385,250130.69662406202,259419.30901614748,42674.0,42330.0,44603.0,False
sharded_n,3000,mixed,15,244834.55911358868,239404.52486921236,247863.87506634576,79316.0,78737.0,83777.0,False
sharded_n,3000,read-heavy,15,247855.70535050784,240693.42183043517,254334.26538385765,79179.0,75335.0,82621.0,False
sharded_n,3000,write-heavy,15,241514.08144524338,238137.53959618488,244638.00841138212,82002.0,80969.0,83072.0,False
thread_local,100,mixed,15,291512.78786272387,285929.35905503016,295294.03964697174,741.0,723.0,755.0,False
thread_local,100,read-heavy,15,294058.3520179916,289979.20691208873,295646.91745367576,725.0,690.0,750.0,False
thread_local,100,write-heavy,15,288114.85133843496,284012.2355500539,297304.24627069064,744.0,681.0,814.0,False
thread_local,250,mixed,15,309131.55148404907,306296.8039553922,312538.2490386306,1687.0,1623.0,1713.0,False
thread_local,250,read-heavy,15,312019.3238309942,308595.6360122319,318247.156444684,1677.0,1653.0,1760.0,False
thread_local,250,write-heavy,15,308259.9334235814,298900.8959725727,316382.53396525397,1664.0,1650.0,1741.0,False
thread_local,500,mixed,15,304743.33488335274,301367.1579384193,306048.7524400043,4233.0,4222.0,4318.0,False
thread_local,500,read-heavy,15,306917.0555661557,303129.5280415315,315346.5374950533,4045.0,3853.0,4349.0,False
thread_local,500,write-heavy,15,300300.58907784376,293566.07554501784,305211.18679087004,4275.0,4153.0,4452.0,False
thread_local,750,mixed,15,292449.19889336795,290052.87737864384,296504.3760228682,8798.0,8763.0,8859.0,False
thread_local,750,read-heavy,15,295564.5280208256,291851.15527608694,303283.8476461634,8611.0,8582.0,8826.0,False
thread_local,750,write-heavy,15,290749.69181738736,286954.0401273214,294630.44627959165,8780.0,8558.0,8935.0,False
thread_local,1000,mixed,15,284591.38289084623,279119.4071623627,293521.5468111186,14464.0,13724.0,15078.0,False
thread_local,1000,read-heavy,15,293998.7994853022,291465.84479697724,297155.2643090586,14206.0,13978.0,14639.0,False
thread_local,1000,write-heavy,15,282210.8482136027,279492.6096877799,286137.4990627646,14834.0,14567.0,14912.0,False
thread_local,1500,mixed,15,274882.868922612,270866.02167473076,278530.05496105447,28032.0,27442.0,28597.0,False
thread_local,1500,read-heavy,15,283302.3727664328,281098.4854567271,285010.94601638836,27182.0,26806.0,27705.0,False
thread_local,1500,write-heavy,15,270828.12198170833,266030.43411340466,273577.4455896182,28320.0,27966.0,28598.0,False
thread_local,2000,mixed,15,267187.5954736425,262902.3005437134,271617.81449480704,43672.0,42320.0,43937.0,False
thread_local,2000,read-heavy,15,269898.69182566146,267830.3740083749,272921.5624862253,41644.0,41149.0,42563.0,False
thread_local,2000,write-heavy,15,262685.0790684532,253299.3718297866,267200.6959172059,43527.0,41878.0,43978.0,False
thread_local,3000,mixed,15,250623.4004141314,242305.3564840558,255895.17148378518,77625.0,75748.0,82426.0,False
thread_local,3000,read-heavy,15,255222.63954201163,248837.43736794533,257654.68832845287,77295.0,71186.0,79047.0,False
thread_local,3000,write-heavy,15,244814.86770745317,237138.1225557742,248107.89270620013,81499.0,79826.0,82758.0,False
